cluster,size,rmsd,plddt
cluster_4,275,1.1716359,62.27194029850748
