cluster,size,rmsd,plddt
cluster_15,153,1.9766517,82.24351851851853
