cluster,size,rmsd,plddt
cluster_3,160,2.1625848,78.57560913705584
