cluster,size,rmsd,plddt
cluster_19,204,0.6898925,69.96054945054945
