cluster,size,rmsd,plddt
cluster_23,411,1.9954989,76.06536842105263
