cluster,size,rmsd,plddt
cluster_4,38,0.5081377,86.26967213114754
