cluster,size,rmsd,plddt
cluster_7,455,0.9246742,81.76370666666666
