cluster,size,rmsd,plddt
cluster_7,455,1.091514,81.67621333333332
