cluster,size,rmsd,plddt
cluster_12,248,1.0547446,91.70898058252426
