cluster,size,rmsd,plddt
cluster_38,204,0.7154951,68.42736263736262
