cluster,size,rmsd,plddt
cluster_28,204,0.7154762,68.42736263736262
