cluster,size,rmsd,plddt
cluster_28,284,0.6897723,90.42637362637362
