cluster,size,rmsd,plddt
cluster_6,233,1.4894731,80.26351851851852
