cluster,size,rmsd,plddt
cluster_18,290,1.4155965,78.62401234567902
