cluster,size,rmsd,plddt
cluster_3,106,1.952966,84.28619289340102
