cluster,size,rmsd,plddt
cluster_16,71,0.674605,67.37042857142858
