cluster,size,rmsd,plddt
cluster_1,203,0.7548018,71.15263736263736
