cluster,size,rmsd,plddt
cluster_22,658,1.1056807,83.42946666666667
