i,j,query,pair,cluster  id,freq_diff
291,345,('L' ,  'T'),('L' ,  'V'),cluster_34,0.4306826727571512
166,191,('Q' ,  'K'),('D' ,  'D'),cluster_42,0.42974753198968446
192,348,('G' ,  'A'),('A' ,  'G'),cluster_42,0.37911430871072127
17,23,('D' ,  'F'),('E' ,  'H'),cluster_6,0.2627833940094686
171,350,('D' ,  'A'),('K' ,  'V'),cluster_42,0.2302813778150101
336,349,('A' ,  'G'),('A' ,  'A'),cluster_40,0.1962844330557335
161,351,('V' ,  'M'),('V' ,  'T'),cluster_34,0.16364649193660696
176,353,('L' ,  'L'),('V' ,  'I'),cluster_34,0.10903824192964376
53,349,('S' ,  'G'),('S' ,  'A'),cluster_40,0.100832799487508
334,351,('H' ,  'M'),('Q' ,  'S'),cluster_40,0.08308776425368354
157,351,('I' ,  'M'),('I' ,  'T'),cluster_40,0.07104420243433696
56,351,('S' ,  'M'),('G' ,  'S'),cluster_40,0.03926969891095452
364,370,('V' ,  'F'),('A' ,  'A'),cluster_36,0.0
