pair_id,query,max_diff_pair,max_diff,freq
"(257, 263)","('E', 'A')","('Q', 'T')",0.30539215686274507,0.3803921568627451
"(7, 99)","('S', 'R')","('I', 'D')",0.2929073614557485,0.3185483870967742
"(109, 315)","('G', 'T')","('F', 'E')",0.28088235294117647,0.3058823529411765
"(256, 259)","('Q', 'A')","('D', 'G')",0.27450980392156865,0.27450980392156865
"(108, 315)","('F', 'T')","('L', 'E')",0.2730392156862745,0.2980392156862745
"(260, 263)","('M', 'A')","('A', 'T')",0.2622549019607843,0.33725490196078434
"(108, 314)","('F', 'E')","('L', 'T')",0.25735294117647056,0.2823529411764706
"(103, 152)","('N', 'G')","('G', 'V')",0.2542203147353362,0.2875536480686695
"(109, 317)","('G', 'H')","('F', 'Q')",0.2534313725490196,0.2784313725490196
"(110, 317)","('K', 'H')","('G', 'Q')",0.2534313725490196,0.2784313725490196
"(8, 110)","('N', 'K')","('E', 'G')",0.24193548387096775,0.24193548387096775
"(107, 314)","('L', 'E')","('G', 'T')",0.24166666666666667,0.26666666666666666
"(8, 99)","('N', 'R')","('E', 'D')",0.21370967741935484,0.21370967741935484
"(110, 316)","('K', 'Q')","('G', 'S')",0.18823529411764706,0.18823529411764706
"(109, 316)","('G', 'Q')","('F', 'S')",0.18823529411764706,0.18823529411764706
"(6, 100)","('I', 'G')","('H', 'R')",0.17338709677419356,0.17338709677419356
"(6, 109)","('I', 'G')","('H', 'F')",0.17338709677419356,0.17338709677419356
"(6, 101)","('I', 'W')","('H', 'G')",0.17338709677419356,0.17338709677419356
"(257, 258)","('E', 'G')","('Q', 'T')",0.16862745098039217,0.16862745098039217
"(257, 262)","('E', 'T')","('Q', 'L')",0.16862745098039217,0.16862745098039217
"(256, 258)","('Q', 'G')","('D', 'T')",0.16470588235294117,0.16470588235294117
"(6, 99)","('I', 'R')","('H', 'D')",0.16129032258064516,0.16129032258064516
"(255, 262)","('S', 'T')","('G', 'L')",0.1568627450980392,0.1568627450980392
"(258, 259)","('G', 'A')","('T', 'G')",0.1450980392156863,0.1450980392156863
"(257, 260)","('E', 'M')","('Q', 'V')",0.13333333333333333,0.13333333333333333
"(260, 262)","('M', 'T')","('V', 'L')",0.12156862745098039,0.12156862745098039
"(259, 260)","('A', 'M')","('G', 'V')",0.11372549019607843,0.11372549019607843
"(103, 153)","('N', 'N')","('G', 'A')",0.11049382716049382,0.16049382716049382
"(255, 259)","('S', 'A')","('A', 'G')",0.03137254901960784,0.03137254901960784
"(257, 259)","('E', 'A')","('Q', 'A')",0.027450980392156862,0.027450980392156862
