i,j,query,pair,cluster  id,freq_diff
158,164,('Y' ,  'K'),('C' ,  'N'),cluster_13,0.7462875884722168
159,164,('H' ,  'K'),('L' ,  'N'),cluster_13,0.7177271927423454
233,256,('Y' ,  'E'),('F' ,  'C'),cluster_13,0.24854460759394673
90,138,('Y' ,  'Q'),('F' ,  'L'),cluster_14,0.17626060354215622
37,48,('R' ,  'I'),('T' ,  'F'),cluster_13,0.12881139287529816
157,165,('E' ,  'V'),('Y' ,  'L'),cluster_14,0.10237373665004487
