i,j,query,pair,cluster  id,freq_diff
56,66,('L' ,  'G'),('I' ,  'G'),cluster_1,0.6911837827500479
58,207,('D' ,  'P'),('D' ,  'G'),cluster_1,0.5747818566376379
64,207,('F' ,  'P'),('Y' ,  'G'),cluster_1,0.563840579089635
58,213,('D' ,  'A'),('N' ,  'G'),cluster_3,0.4904135860603239
59,167,('V' ,  'E'),('Y' ,  'K'),cluster_7,0.45090545331509185
209,323,('H' ,  'N'),('G' ,  'I'),cluster_4,0.4471088551137561
59,65,('V' ,  'Y'),('V' ,  'F'),cluster_4,0.4290122556408037
60,166,('A' ,  'V'),('Q' ,  'G'),cluster_1,0.4118078568716943
69,171,('E' ,  'I'),('S' ,  'V'),cluster_21,0.3950198239085632
56,213,('L' ,  'A'),('L' ,  'G'),cluster_21,0.35301835167218487
61,355,('N' ,  'R'),('D' ,  'K'),cluster_10,0.3105486126701422
24,31,('K' ,  'K'),('K' ,  'A'),cluster_4,0.3001124757302009
57,80,('D' ,  'I'),('S' ,  'V'),cluster_2,0.28874502117728834
59,167,('V' ,  'E'),('Y' ,  'K'),cluster_1,0.2776399128853723
59,167,('V' ,  'E'),('F' ,  'R'),cluster_2,0.26611255270052897
23,29,('K' ,  'Y'),('P' ,  'F'),cluster_4,0.2509861884989514
279,292,('F' ,  'F'),('N' ,  'Y'),cluster_7,0.2338791061682628
270,279,('A' ,  'F'),('G' ,  'L'),cluster_18,0.22384854317423303
23,28,('K' ,  'N'),('P' ,  'E'),cluster_4,0.21785284803459196
56,216,('L' ,  'L'),('L' ,  'A'),cluster_2,0.19607363464008318
58,207,('D' ,  'P'),('D' ,  'S'),cluster_6,0.16844745930500715
56,216,('L' ,  'L'),('V' ,  'F'),cluster_11,0.14918709844106798
54,218,('I' ,  'I'),('I' ,  'L'),cluster_1,0.14189579925958276
199,360,('N' ,  'V'),('D' ,  'H'),cluster_5,0.13677197268336017
199,360,('N' ,  'V'),('E' ,  'K'),cluster_1,0.13624933279671636
313,357,('T' ,  'Y'),('E' ,  'Y'),cluster_18,0.13139501169038673
56,213,('L' ,  'A'),('L' ,  'G'),cluster_2,0.11353220471928804
54,68,('I' ,  'G'),('V' ,  'I'),cluster_6,0.10995016480487776
58,213,('D' ,  'A'),('N' ,  'G'),cluster_22,0.10399028827525425
57,213,('D' ,  'A'),('H' ,  'D'),cluster_1,0.09839956842294552
61,207,('N' ,  'P'),('D' ,  'N'),cluster_6,0.0815362289494111
54,141,('I' ,  'L'),('V' ,  'V'),cluster_1,0.08011634312659306
60,209,('A' ,  'H'),('D' ,  'E'),cluster_11,0.07723546345584166
56,212,('L' ,  'H'),('I' ,  'E'),cluster_5,0.07597949401291802
58,214,('D' ,  'G'),('N' ,  'S'),cluster_13,0.07299527781455495
250,275,('G' ,  'L'),('G' ,  'I'),cluster_5,0.06343654186639029
252,281,('Q' ,  'N'),('L' ,  'A'),cluster_7,0.0543625049649146
23,28,('K' ,  'N'),('E' ,  'P'),cluster_1,0.013969167358845474
