i,j,query,pair,cluster  id,freq_diff
127,144,('Q' ,  'N'),('E' ,  'T'),cluster_9,0.59141810570382
130,150,('F' ,  'I'),('Y' ,  'V'),cluster_11,0.5872389112098555
110,130,('P' ,  'F'),('P' ,  'Y'),cluster_11,0.564643588856664
115,141,('K' ,  'L'),('R' ,  'L'),cluster_9,0.5280481423338567
133,156,('P' ,  'N'),('M' ,  'L'),cluster_14,0.3726495726495726
34,99,('T' ,  'Y'),('S' ,  'G'),cluster_9,0.35149136577708007
131,154,('T' ,  'V'),('S' ,  'L'),cluster_5,0.335966735966736
22,30,('E' ,  'A'),('Q' ,  'Y'),cluster_7,0.30712715855573
140,159,('M' ,  'F'),('I' ,  'I'),cluster_7,0.29196232339089484
118,143,('I' ,  'L'),('L' ,  'V'),cluster_12,0.2791126167066017
128,158,('A' ,  'E'),('A' ,  'S'),cluster_5,0.2769527769527769
111,129,('Y' ,  'I'),('V' ,  'V'),cluster_9,0.2731554160125588
128,154,('A' ,  'V'),('A' ,  'L'),cluster_5,0.2462090033518605
124,158,('E' ,  'E'),('A' ,  'D'),cluster_11,0.2435516057792087
141,152,('L' ,  'H'),('L' ,  'I'),cluster_3,0.1859497645211931
119,161,('T' ,  'K'),('N' ,  'K'),cluster_3,0.17315541601255888
137,159,('A' ,  'F'),('K' ,  'I'),cluster_11,0.16603251470079558
111,116,('Y' ,  'V'),('E' ,  'V'),cluster_11,0.15879519995742758
123,143,('F' ,  'L'),('L' ,  'L'),cluster_19,0.14038025466596893
127,144,('Q' ,  'N'),('L' ,  'E'),cluster_7,0.13434850863422293
112,133,('P' ,  'P'),('P' ,  'K'),cluster_4,0.1210661678746785
136,154,('E' ,  'V'),('D' ,  'L'),cluster_14,0.12002442002442001
110,159,('P' ,  'F'),('F' ,  'L'),cluster_3,0.11471742543171115
120,155,('E' ,  'K'),('N' ,  'P'),cluster_3,0.10690737833594977
128,152,('A' ,  'H'),('G' ,  'V'),cluster_21,0.10580847723704864
110,159,('P' ,  'F'),('L' ,  'V'),cluster_21,0.0913657770800628
114,142,('D' ,  'L'),('E' ,  'L'),cluster_21,0.07189952904238617
109,156,('T' ,  'N'),('P' ,  'Q'),cluster_4,0.06225992852132669
130,143,('F' ,  'L'),('V' ,  'L'),cluster_21,0.058398744113029824
