cluster,size,rmsd,plddt
cluster_22,524,2.0710914,75.05578947368423
