cluster,size,rmsd,plddt
cluster_32,666,0.71306646,80.54340336134453
