cluster,size,rmsd,plddt
cluster_13,40,0.76110613,69.62659340659341
