cluster,size,rmsd,plddt
cluster_3,180,0.6647307,73.67007968127491
