cluster,size,rmsd,plddt
cluster_17,338,0.8641337,88.21934306569342
