cluster,size,rmsd,plddt
cluster_4,275,1.1537138,65.95720149253731
