cluster,size,rmsd,plddt
cluster_1,112,0.5057783,80.34248962655602
