cluster,size,rmsd,plddt
cluster_3,106,1.9529341,84.28619289340102
