cluster,size,rmsd,plddt
cluster_2,195,1.1096658,71.91927184466019
