cluster,size,rmsd,plddt
cluster_16,71,0.6745508,67.37042857142858
