cluster,size,rmsd,plddt
cluster_16,246,0.8653456,89.05175182481752
