cluster,size,rmsd,plddt
cluster_17,246,0.8654138,89.05175182481752
