cluster,size,rmsd,plddt
cluster_2,193,1.1360111,71.24344660194174
