cluster,size,rmsd,plddt
cluster_22,411,1.995506,76.06536842105263
